Rank,Site,Daily Time on Site,Daily Pageviews per Visitor,% of Traffic from Search,Total Sites Linking In
1,Google.com,15:56,17.25,0.30%,"1,300,441"
2,Youtube.com,17:42,9.97,14.50%,"988,820"
3,Tmall.com,7:08,3.92,0.90%,"6,212"
4,Baidu.com,8:29,4.81,5.60%,"101,279"
5,Qq.com,3:44,3.97,2.90%,"262,198"
6,Sohu.com,3:37,4.56,2.00%,"25,945"
7,Facebook.com,18:40,8.85,8.80%,"2,181,031"
8,Taobao.com,4:33,3.55,3.70%,"24,826"
9,360.cn,3:20,4.19,0.40%,"14,998"
10,Amazon.com,10:37,9.93,19.20%,"363,277"
11,Yahoo.com,5:20,4.89,8.80%,"319,186"
12,Jd.com,3:31,4.39,1.60%,"8,481"
13,Wikipedia.org,3:48,3.11,73.90%,"763,999"
14,Zoom.us,8:01,3.85,12.70%,"3,009"
15,Weibo.com,3:03,3.59,1.80%,"68,824"
16,Sina.com.cn,2:52,3.38,2.70%,"45,672"
17,Xinhuanet.com,2:56,5.66,2.50%,"34,113"
18,Live.com,5:26,5.5,10.00%,"43,223"
19,Reddit.com,5:50,4.56,34.50%,"163,041"
20,Netflix.com,4:29,3.26,9.60%,"10,865"
21,Microsoft.com,4:24,3.3,25.60%,"235,680"
22,Panda.tv,2:48,5.3,0.80%,340
23,Zhanqi.tv,2:51,5.39,0.80%,334
24,Okezone.com,4:05,4.25,7.60%,"10,399"
25,Alipay.co,2:59,3.2,1.40%,"3,513"
26,Office.com,10:33,10.08,7.10%,"5,767"
27,Instagram.com,8:50,9.91,14.30%,"622,099"
28,Vk.com,7:16,3.77,9.30%,"124,054"
29,Csdn.net,3:24,4.9,8.00%,"6,438"
30,Myshopify.com,21:56,13.87,3.10%,118
31,Yahoo.co.jp,10:03,9.03,14.10%,"57,560"
32,Microsoftonline.com,1:08,1.86,2.80%,677
33,Google.com.hk,3:46,5.24,3.30%,"9,758"
34,Bongacams.com,2:58,1.58,6.10%,"178,712"
35,Bing.com,3:04,2.62,6.00%,"41,693"
36,Twitch.tv,7:33,3.76,7.10%,"9,771"
37,Naver.com,14:14,11.3,10.00%,"38,994"
38,Aliexpress.com,0.416666667,8.47,14.00%,"18,807"
39,Adobe.com,3:29,3.38,21.20%,"244,100"
40,Ebay.com,9:48,7.86,17.30%,"74,970"
41,Amazon.in,12:11,10.28,26.00%,"6,673"
42,Twitter.com,12:49,10.5,11.60%,"1,578,393"
43,Amazon.co.jp,8:43,9.73,17.80%,"48,782"
44,Huanqiu.com,2:52,5.25,1.10%,"6,324"
45,Tianya.cn,2:53,5.07,0.70%,"5,200"
46,Yy.com,2:46,5.22,0.90%,"2,120"
47,Apple.com,3:50,3.83,37.50%,"174,917"
48,Chaturbate.com,11:15,8.38,9.00%,"156,661"
49,Aparat.com,7:01,5.16,42.00%,"66,504"
50,Yandex.ru,6:22,3.86,2.80%,"93,804"
51,17ok.com,2:15,3.99,0.70%,368
52,Stackoverflow.com,6:11,3.91,75.60%,"26,118"
53,Tribunnews.com,3:33,1.87,59.30%,"24,091"
54,Linkedin.com,10:33,8.51,14.10%,"608,654"
55,Mail.ru,3:33,2.77,4.30%,"91,484"
56,Google.co.in,6:14,6.65,9.20%,"17,539"
57,Wordpress.com,3:23,2.58,35.10%,"31,150"
58,So.com,3:56,3.33,0.90%,"7,719"
59,Haosou.com,7:02,14.2,0.00%,"7,479"
60,Msn.com,3:19,2.74,5.90%,"97,844"
61,Dropbox.com,4:57,3.96,7.80%,"22,306"
62,Whatsapp.com,3:14,1.21,14.40%,"11,255"
63,Imdb.com,3:44,4.85,48.80%,"137,215"
64,Cnn.com,4:37,2.38,19.70%,"114,281"
65,Ok.ru,4:10,2.36,5.10%,"16,622"
66,Google.com.br,4:20,4.02,5.40%,"17,649"
67,Instructure.com,13:04,10.8,7.60%,"1,034"
68,Google.co.jp,8:07,12.4,6.60%,"44,343"
69,Pornhub.com,10:01,3.3,27.40%,"3,843"
70,Medium.com,2:49,2.09,44.50%,"6,962"
71,Cnblogs.com,3:26,3.65,8.80%,"4,814"
72,Tradingview.com,6:08,3.4,12.90%,602
73,Hao123.com,1:59,2.24,3.00%,"6,381"
74,Babytree.com,2:34,5.06,0.90%,770
75,Amazonaws.com,2:55,2.34,6.40%,"55,828"
76,Github.com,6:36,6.47,27.80%,"40,565"
77,Google.de,3:11,3.79,4.40%,"25,770"
78,Rakuten.co.jp,9:09,9.61,27.70%,"37,563"
79,Etsy.com,12:13,7.89,19.30%,"101,832"
80,Indeed.com,6:38,4.97,26.90%,"7,630"
81,163.com,6:04,5.37,4.30%,"28,654"
82,Canva.com,7:47,4.49,16.30%,"2,376"
83,Imgur.com,2:50,2.71,9.50%,"233,816"
84,Livejasmin.com,2:25,1.8,5.20%,"11,556"
85,Spotify.com,3:39,4.75,17.70%,"12,036"
86,Kompas.com,3:53,2.04,51.20%,"30,423"
87,Nytimes.com,3:28,2.68,28.00%,"163,756"
88,Xvideos.com,14:23,9.99,23.20%,"3,341"
89,Gome.com.cn,2:16,3.93,0.80%,"1,200"
90,Fandom.com,3:55,3.41,68.30%,467
91,Detik.com,7:01,4.27,29.10%,"32,589"
92,1688.com,15:05,9,7.20%,"12,948"
93,Bilibili.com,9:34,8.27,6.30%,"2,197"
94,Roblox.com,17:16,8.91,11.80%,757
95,Thestartmagazine.com,3:32,3.2,8.90%,"39,437"
96,Amazon.co.uk,5:29,5.24,16.90%,"56,938"
97,6.cn,2:16,3.57,0.90%,"1,509"
98,Paypal.com,4:54,6.2,8.00%,"16,257"
99,Bbc.com,3:40,2.65,25.20%,"45,881"
100,Tiktok.com,5:53,7,19.20%,"1,331"
101,Zhihu.com,5:58,4.5,14.50%,"3,103"
102,Udemy.com,10:38,7.74,16.70%,"2,037"
103,Chase.com,5:32,7.62,8.60%,"1,231"
104,Amazon.de,7:03,6.57,16.60%,"25,989"
105,Zillow.com,7:33,8.32,32.70%,"9,152"
106,Flipkart.com,9:57,8.67,22.30%,"5,479"
107,Espn.com,5:29,4.14,13.90%,"9,008"
108,Telegram.org,6:33,3.53,18.60%,958
109,Xhamster.com,12:40,9.43,21.50%,"2,103"
110,Walmart.com,5:27,5.05,27.20%,"18,141"
111,Intuit.com,10:45,6.09,13.20%,"6,363"
112,Google.ru,3:46,4.4,4.10%,"19,108"
113,Padlet.com,3:35,2.39,13.70%,"87,659"
114,Google.fr,5:34,4.4,7.80%,"26,305"
115,Rednet.cn,2:16,3.93,1.00%,"2,537"
116,Google.es,3:40,3.48,13.90%,"32,491"
117,Ettoday.net,3:40,2.18,25.80%,"11,834"
118,Cnzz.com,3:18,6.78,0.00%,"2,735"
119,Force.com,24:25:00,18.7,2.50%,"3,221"
120,Savefrom.net,2:52,1.4,20.50%,"3,898"
121,Daum.net,13:44,9.82,4.50%,"15,145"
122,Google.it,2:41,3.24,5.50%,"21,352"
123,Wetransfer.com,2:46,1.64,12.70%,"1,318"
124,Tumblr.com,3:58,3.78,12.00%,"84,067"
125,Pixnet.net,2:37,2.09,61.20%,"50,666"
126,Grammarly.com,3:33,2.32,20.30%,"1,627"
127,Digikala.com,13:50,10.92,26.30%,"12,047"
128,Soundcloud.com,3:47,3.48,15.80%,"42,308"
129,Stackexchange.com,2:19,2.32,63.30%,"10,544"
130,Alibaba.com,10:53,8.93,20.90%,"26,774"
131,Salesforce.com,9:59,8.1,6.20%,"4,649"
132,Google.cn,6:43,4.55,7.00%,"10,512"
133,Okta.com,1:12,3.81,3.00%,255
134,Indiatimes.com,3:39,2.74,44.20%,"31,462"
135,Freepik.com,10:21,7.02,29.70%,"8,008"
136,Sogou.com,35:29:00,1.97,0.70%,"12,694"
137,Primevideo.com,3:02,3.14,22.00%,265
138,Duckduckgo.com,4:41,1.11,3.20%,"2,388"
139,Ilovepdf.com,5:52,3.81,55.20%,473
140,Godaddy.com,7:19,6.66,22.70%,"14,884"
141,Bbc.co.uk,2:26,3.43,20.80%,"154,489"
142,Nih.gov,3:29,3.16,49.80%,"84,307"
143,Shutterstock.com,7:19,6.97,29.90%,"14,088"
144,Speedtest.net,3:29,2,34.50%,"8,887"
145,Amazon.ca,8:17,8.19,21.60%,"15,234"
146,Onlinesbi.com,6:22,6.77,30.70%,402
147,Google.com.sg,6:11,7.96,2.10%,"7,390"
148,Booking.com,6:40,5.04,25.30%,"22,940"
149,Tistory.com,6:32,4.3,23.00%,"10,601"
150,Avito.ru,16:31,10.2,12.90%,"1,962"
151,Vimeo.com,4:29,3.62,16.30%,"173,662"
152,Pinterest.com,5:47,5.73,30.30%,"691,538"
153,Craigslist.org,8:01,8.34,21.00%,"14,958"
154,Slack.com,15:12,7.52,5.20%,"1,374"
155,Healthline.com,3:29,6.34,68.00%,"6,364"
156,Aliyun.com,8:43,10.6,7.80%,"3,157"
157,Tokopedia.com,12:06,7.36,25.50%,"49,093"
158,Grid.id,2:45,1.61,63.40%,"7,044"
159,Researchgate.net,2:34,2.15,58.80%,"9,042"
160,Soso.com,4:33,3.59,0.20%,"4,423"
161,Varzesh3.com,7:28,4.94,11.50%,"8,915"
162,Wellsfargo.com,5:50,7.59,10.90%,"2,218"
163,Google.com.tw,4:06,8.29,10.20%,"10,454"
164,Chess.com,21:05,9.42,10.30%,"1,787"
165,Liputan6.com,4:46,2.26,58.30%,"14,811"
166,Google.co.uk,4:50,4.06,13.50%,"34,324"
167,Theguardian.com,2:43,2.77,33.00%,"48,793"
168,Youm7.com,8:47,4.38,38.80%,"9,701"
169,Wix.com,8:16,6.11,18.70%,"17,144"
170,Smallpdf.com,3:52,2.1,73.10%,837
171,Washingtonpost.com,3:10,2.87,25.60%,"70,439"
172,Alwafd.news,2:05,1.72,56.50%,"1,567"
173,Cnet.com,2:05,2.86,44.40%,"45,199"
174,Bestbuy.com,4:06,4.22,27.80%,"7,842"
175,Google.com.mx,5:26,7.85,10.50%,"8,762"
176,Bet9ja.com,9:36,3.55,5.80%,"24,109"
177,Pikiran-rakyat.com,6:12,2.6,60.40%,"5,221"
178,Zoho.com,14:55,13.7,9.30%,"4,714"
179,Investing.com,6:08,3.44,24.00%,"2,495"
180,51sole.com,2:46,5.1,0.80%,"2,760"
181,Fidelity.com,8:57,8.66,15.20%,"1,481"
182,Setn.com,3:07,1.35,23.00%,"6,025"
183,Kumparan.com,2:50,2.24,52.10%,"4,943"
184,Usps.com,3:21,2.55,21.20%,"7,840"
185,Hdfcbank.com,6:03,3.9,25.30%,"1,315"
186,51.la,3:07,3.83,1.30%,"21,521"
187,Mediafire.com,2:38,2.52,4.60%,"116,375"
188,T.me,2:01,1.53,6.30%,"25,303"
189,Quizlet.com,6:02,4.29,53.90%,"3,971"
190,Coinmarketcap.com,5:09,3.28,16.30%,952
191,Google.com.tr,4:14,7.03,7.60%,"10,518"
192,Hulu.com,4:05,4.96,10.30%,"11,245"
193,Momoshop.com.tw,7:17,3.35,31.40%,"14,904"
194,Ebay.de,9:54,7.17,13.70%,"6,895"
195,Ikea.com,8:16,7.08,34.60%,"23,427"
196,Binance.com,14:00,7.89,9.10%,327
197,Disneyplus.com,3:47,4.27,19.80%,204
198,W3schools.com,5:39,3.9,67.30%,"17,712"
199,Aliexpress.ru,10:55,6.49,11.20%,115
200,Archive.org,4:56,6.85,22.00%,"75,879"
201,Globo.com,6:48,2.9,19.90%,"27,669"
202,Slideshare.net,2:59,2.22,61.00%,"84,645"
203,Tudou.com,3:16,6.78,0.40%,"7,147"
204,Discord.com,10:07,5.28,9.20%,159
205,Ca.gov,5:38,6.88,31.60%,"40,587"
206,Zendesk.com,11:04,7.5,10.80%,"2,878"
207,Heavy.com,2:13,1.42,28.30%,"15,159"
208,Blogger.com,14:29,7.81,7.90%,"3,312,961"
209,Deepl.com,8:54,9.43,14.60%,469
210,Foxnews.com,5:04,2.57,13.80%,"42,596"
211,Office365.com,14:46,12.7,3.70%,"1,406"
212,Investopedia.com,2:29,1.62,71.90%,"11,758"
213,Jpnn.com,6:00,2.9,29.90%,"3,392"
214,Uol.com.br,6:04,2.79,28.00%,"5,381"
215,Fedex.com,4:05,2.57,25.20%,"8,863"
216,Cnbc.com,2:58,1.73,30.30%,"20,235"
217,Google.ca,4:16,8.32,9.60%,"23,228"
218,Homedepot.com,5:12,5.15,42.70%,"11,948"
219,Trello.com,9:22,6.11,5.50%,"2,255"
220,Telewebion.com,4:00,3.58,42.30%,"2,928"
221,Redd.it,1:59,2.11,5.00%,737
222,Ups.com,3:34,2.67,24.10%,"7,345"
223,Zol.com.cn,1:57,3.4,8.10%,"7,906"
224,Skype.com,3:13,2.71,13.70%,"25,064"
225,Suara.com,3:49,2.33,46.90%,"4,432"
226,Sindonews.com,3:55,2.41,49.60%,"4,744"
227,Businessinsider.com,2:02,2.64,50.00%,"43,452"
228,Xnxx.com,12:31,9.54,33.20%,"1,495"
229,Mozilla.org,2:19,1.71,50.70%,"52,345"
230,Lazada.sg,15:23,14.1,7.10%,"3,323"
231,Samsung.com,3:52,3.54,49.30%,"22,860"
232,Namnak.com,2:26,1.68,62.70%,"8,649"
233,Wikihow.com,2:12,2.92,46.00%,"24,823"
234,Cnnic.cn,2:16,3.88,0.90%,957
235,360.com,2:10,4,0.80%,550
236,Amazon.fr,6:12,6.26,29.20%,"18,509"
237,Line.me,2:51,2.41,15.90%,"66,419"
238,Chouftv.ma,2:54,2.2,34.40%,643
239,Irs.gov,4:29,4.99,44.30%,"15,337"
240,Manoramaonline.com,10:41,5.88,14.10%,"4,779"
241,T.co,0:52,1.83,7.90%,"51,713"
242,Mercadolibre.com.mx,11:09,11.6,29.40%,"1,045"
243,Icicibank.com,6:55,5.12,20.10%,"1,617"
244,Gosuslugi.ru,4:04,4.14,7.40%,"14,348"
245,51yes.com,3:16,6.77,0.00%,470
246,Google.com.sa,5:29,6.24,5.70%,"6,637"
247,Etoro.com,11:03,6.57,9.80%,"1,477"
248,Gamepedia.com,4:18,4.17,63.10%,"2,081"
249,Y2mate.com,3:41,3.64,23.50%,427
250,Bukalapak.com,5:38,3.6,29.60%,"20,348"
251,Mercadolivre.com.br,7:15,6.87,33.90%,"2,956"
252,Googlevideo.com,3:06,2.77,0.80%,262
253,Merdeka.com,3:08,1.6,63.80%,"10,113"
254,Weather.com,2:24,2.33,26.20%,"18,448"
255,Zerodha.com,24:37:00,10.3,11.80%,274
256,Amazon.it,5:13,5.74,19.80%,"5,758"
257,Target.com,4:26,4.17,32.20%,"19,846"
258,Amazon.es,6:25,5.41,22.40%,"7,843"
259,Google.com.ar,4:02,6.14,5.60%,"8,859"
260,Webex.com,4:36,3.22,13.00%,"1,786"
261,Mercadolibre.com.ar,11:06,12.6,29.60%,"1,847"
262,Dailymail.co.uk,4:32,2.05,23.10%,"71,996"
263,Breitbart.com,4:48,2.6,8.00%,"34,139"
264,Google.co.th,4:43,6.04,6.30%,"9,590"
265,Capitalone.com,4:06,6.55,12.30%,"1,083"
266,Op.gg,4:28,4.45,25.70%,255
267,Bet365.com,2:35,1.79,2.90%,"1,632"
268,Trendyol.com,13:49,11.5,20.10%,511
269,Forbes.com,2:11,1.62,49.70%,"62,512"
270,Shaparak.ir,2:21,1.93,0.80%,179
271,Google.pl,2:37,3.21,4.40%,"13,778"
272,Cloudfront.net,2:19,2,12.00%,"22,917"
273,Fiverr.com,12:49,7.3,9.50%,"10,475"
274,Dailymotion.com,2:59,2.76,41.40%,"72,057"
275,Taboola.com,4:29,4.43,5.90%,869
276,Bankofamerica.com,5:27,5.66,12.90%,"3,510"
277,Hotstar.com,4:08,4.14,21.60%,551
278,Iqbroker.com,1:03,1.1,1.30%,67
279,Coursera.org,9:52,7.11,18.50%,"1,985"
280,Reverso.net,5:12,3.49,55.40%,"3,526"
281,Realtor.com,5:30,7.47,41.50%,"5,741"
282,Ebay.co.uk,6:31,5.69,23.20%,"15,684"
283,Sonhoo.com,2:14,3.93,0.60%,"1,255"
284,Albawabhnews.com,5:01,3.84,46.60%,"1,847"
285,Namu.wiki,6:18,4.11,18.20%,104
286,Marketwatch.com,3:16,2.27,34.80%,"19,965"
287,Theepochtimes.com,5:02,2.62,7.00%,"21,765"
288,Crunchyroll.com,3:36,4.8,14.50%,"6,342"
289,Adp.com,4:51,4.36,9.80%,"1,188"
290,Google.com.eg,6:18,5.97,7.80%,"6,565"
291,Geeksforgeeks.org,3:27,2.15,65.00%,785
292,Behance.net,5:18,5.04,16.70%,"18,449"
293,Videocampaign.co,1:16,1.34,0.90%,4
294,Hootsuite.com,3:40,2.78,21.30%,"3,907"
295,Iqiyi.com,3:12,4.57,13.10%,"7,264"
296,Worldometers.info,2:46,1.84,22.10%,"4,672"
297,Proiezionidiborsa.it,2:27,1.5,15.10%,"4,935"
298,Wildberries.ru,15:46,9.81,11.80%,"1,038"
299,Sq.cn,0.083333333,4.1,0.00%,69
300,Sciencedirect.com,2:41,2.17,40.40%,"35,867"
301,Goodreads.com,3:23,3.35,44.40%,"44,489"
302,Trustpilot.com,4:51,3.77,33.00%,"80,836"
303,Pixabay.com,6:42,7.23,31.00%,"5,611"
304,Pexels.com,6:47,7.6,30.10%,"1,633"
305,Hp.com,3:56,3.07,55.00%,"28,413"
306,Wayfair.com,6:41,6.3,31.00%,"2,194"
307,Pinimg.com,2:08,1.93,40.60%,"11,408"
308,Sahibinden.com,13:43,17.7,25.20%,"1,492"
309,Asos.com,8:42,11,24.80%,"10,299"
310,Airbnb.com,8:56,16,22.80%,"4,826"
311,Nicovideo.jp,15:04,9.37,9.40%,"12,317"
312,Brilio.net,2:25,1.37,62.20%,"2,075"
313,Squarespace.com,6:49,5.13,15.90%,"56,922"
314,Rt.com,3:46,2.57,14.30%,"14,445"
315,Idntimes.com,5:50,5.46,54.70%,"4,180"
316,Allegro.pl,6:50,5.89,25.60%,"6,864"
317,Weebly.com,2:47,2.43,38.00%,"7,156"
318,Efu.com.cn,2:45,5.1,1.60%,"1,617"
319,Americanexpress.com,4:31,4.99,18.50%,"3,788"
320,Ameritrade.com,11:20,8.84,3.50%,361
321,Wikimedia.org,2:01,2.13,30.50%,"100,447"
322,Fc2.com,3:18,3.32,27.10%,"97,767"
323,Patreon.com,2:55,2.69,9.60%,"7,473"
324,Xfinity.com,4:48,5.07,13.70%,"1,199"
325,Scribd.com,2:40,2.28,54.40%,"71,773"
326,Moneycontrol.com,6:53,4.28,37.30%,"4,689"
327,Sberbank.ru,8:31,5.58,13.40%,"3,712"
328,Google.co.id,5:04,4.93,19.20%,"19,564"
329,Patch.com,2:10,1.71,30.30%,"39,344"
330,Kakao.com,4:25,4.68,7.50%,"11,869"
331,Naukri.com,10:54,6.97,26.50%,"2,825"
332,Namasha.com,3:50,3.14,58.70%,"4,409"
333,Aol.com,4:24,3,8.00%,"54,427"
334,Twimg.com,2:10,2.31,13.20%,"5,018"
335,Ameblo.jp,3:55,3.61,35.00%,"75,654"
336,Spankbang.com,11:15,11.1,26.20%,386
337,Ask.com,2:12,2.21,2.50%,"13,294"
338,Blackboard.com,8:57,5.54,9.70%,"2,392"
339,Web.de,4:11,4.34,5.60%,"2,370"
340,In.gr,5:10,3.22,17.70%,"7,586"
341,Cricbuzz.com,7:30,4.42,21.80%,793
342,Ndtv.com,3:27,2.08,37.90%,"11,364"
343,Ih5.cn,2:41,5.01,0.50%,180
344,Gismeteo.ru,2:41,2.6,14.20%,"6,814"
345,Abs-cbn.com,2:30,1.84,29.80%,"9,444"
346,Thesaurus.com,4:38,3.49,55.60%,"4,173"
347,360doc.com,2:04,2.63,11.40%,"2,578"
348,Unsplash.com,5:25,6.43,31.20%,"3,428"
349,Thepiratebay.org,3:09,4.11,13.80%,"5,278"
350,Dcard.tw,3:35,3.48,44.80%,"3,025"
351,Iyiou.com,2:47,4.98,1.50%,672
352,Ouedkniss.com,11:47,9.2,32.40%,"18,655"
353,Ibicn.com,2:41,5.02,0.70%,597
354,Wixsite.com,2:31,1.95,17.50%,"37,331"
355,Ladbible.com,2:09,1.3,15.70%,"7,081"
356,Upwork.com,15:58,11.6,8.30%,"1,460"
357,Liansuo.com,2:42,5.08,0.90%,585
358,Orange.fr,5:41,4.62,13.20%,"9,185"
359,Douban.com,5:13,5.7,14.80%,"6,265"
360,Viva.co.id,3:36,2.46,27.50%,"6,910"
361,Chegg.com,8:40,7.94,55.80%,"1,190"
362,Mercari.com,8:55,9.61,21.30%,214
363,Glassdoor.com,3:17,3.43,52.70%,"3,679"
364,Linktr.ee,1:34,1.77,8.40%,"4,532"
365,Dell.com,4:29,4.05,45.70%,"17,660"
366,Kapanlagi.com,3:31,3.07,55.80%,"7,600"
367,Evernote.com,4:30,5.88,8.90%,"8,695"
368,Softonic.com,2:54,2.7,66.90%,"10,046"
369,Td.com,5:58,6.97,19.10%,"1,040"
370,Yelp.com,3:44,3.36,51.50%,"52,762"
371,Patria.org.ve,11:07,11,17.50%,110
372,Bloomberg.com,2:40,1.83,34.90%,"41,314"
373,Cambridge.org,4:30,3.26,55.20%,"17,456"
374,Gusuwang.com,1:55,3.49,0.50%,190
375,Rambler.ru,4:23,2.61,8.30%,"64,398"
376,Rctiplus.com,4:19,3.12,32.90%,"4,366"
377,Focus.cn,2:40,4.26,0.70%,"3,278"
378,Donya-e-eqtesad.com,3:02,2.24,38.00%,"5,725"
379,Shopee.tw,9:25,7.6,32.80%,368
380,Quora.com,3:59,2.6,46.30%,"9,207"
381,Borna.news,1:35,1.41,47.30%,"2,028"
382,Box.com,6:06,6.33,6.10%,"4,086"
383,Shopee.co.id,11:53,7.2,19.90%,728
384,Alnaharegypt.com,1:42,1.4,32.70%,427
385,Messenger.com,9:27,3.58,6.00%,761
386,Dbs.com.sg,6:23,5.42,10.30%,371
387,Canada.ca,3:17,3.55,47.00%,"1,621"
388,Rezka.ag,2:32,3.37,34.60%,71
389,Citi.com,4:17,6.19,16.20%,995
390,Oschina.net,2:50,3.37,10.20%,"1,880"
391,Wish.com,4:42,3.21,33.10%,468
392,Gmw.cn,2:11,1.6,2.20%,"14,715"
393,Gmx.net,3:17,3.77,8.40%,"1,139"
394,Runoob.com,3:29,3.57,16.90%,802
395,Alodokter.com,2:42,1.64,77.80%,"3,858"
396,9gag.com,8:18,4.55,7.10%,"3,523"
397,Schwab.com,8:43,5.94,16.50%,"1,434"
398,Feedly.com,6:40,6.93,5.40%,"30,903"
399,Ensonhaber.com,7:48,4.68,16.20%,"4,349"
400,Espncricinfo.com,6:24,3.82,22.20%,"2,832"
401,Divar.ir,11:21,10.8,27.40%,455
402,Ebay-kleinanzeigen.de,8:27,7.94,21.20%,400
403,Qoo10.sg,8:28,6.8,3.60%,489
404,Biobiochile.cl,4:33,2.7,26.50%,"5,109"
405,Steamcommunity.com,3:06,2.68,29.50%,"9,254"
406,Onlyfans.com,5:28,4.25,13.00%,"1,017"
407,Google.com.au,4:21,9.37,12.10%,"14,816"
408,Banvenez.com,7:18,2.97,5.80%,87
409,Inquirer.net,3:34,1.97,27.50%,"19,251"
410,Filimo.com,19:31,6.45,17.50%,"2,765"
411,Usatoday.com,2:17,1.5,42.20%,"56,091"
412,Tripadvisor.com,2:37,3.43,55.90%,"34,766"
413,Ninisite.com,7:24,4.18,51.00%,"2,540"
414,Costco.com,4:48,4.75,25.90%,"4,537"
415,Elbalad.news,5:14,3.75,42.20%,"7,120"
416,Reuters.com,2:42,1.82,30.20%,"64,421"
417,Bp.blogspot.com,1:50,1.88,17.00%,"1,881,227"
418,Wordpress.org,2:48,3.01,43.50%,"467,745"
419,Nike.com,5:01,6.16,35.10%,"10,338"
420,Kakaku.com,3:15,4.04,52.10%,"6,347"
421,Yts.mx,4:32,4.54,15.20%,70
422,Webmd.com,2:16,1.86,63.90%,"27,589"
423,1337x.to,4:54,7.14,8.90%,346
424,Fast.com,2:08,1,18.10%,266
425,Indiamart.com,5:24,3.52,48.20%,"3,757"
426,Att.com,4:41,7.05,23.10%,"10,635"
427,Manage.wix.com,5:53,5.09,6.10%,49
428,Jianshu.com,2:34,1.85,22.30%,"1,481"
429,Beytoote.com,2:17,1.6,59.20%,"22,073"
430,Norton.com,1:54,2.09,9.90%,"4,420"
431,Google.co.kr,2:58,4.8,11.60%,"6,241"
432,Redfin.com,6:20,10.4,26.80%,"1,188"
433,Outbrain.com,1:09,1.37,5.70%,"1,477"
434,Westernjournal.com,3:42,1.9,2.00%,"7,710"
435,Ozon.ru,5:51,3.47,24.00%,"8,814"
436,Ecer.com,1:30,1.7,30.20%,"10,230"
437,Ebay.com.au,9:08,7.5,23.80%,"4,329"
438,Epicgames.com,3:00,3.67,29.90%,"1,334"
439,Nypost.com,3:12,1.97,25.20%,"23,107"
440,Mailchimp.com,12:13,10.8,13.80%,"10,712"
441,Google.com.ua,4:35,4.32,5.30%,"8,270"
442,Academia.edu,2:31,1.85,48.20%,"21,264"
443,Cnnindonesia.com,4:42,2.31,39.80%,"6,556"
444,Myworkdayjobs.com,4:08,3.89,3.70%,96
445,Oracle.com,0.208333333,3.93,41.50%,"28,002"
446,Elwatannews.com,3:50,2.46,37.00%,"3,048"
447,Robinhood.com,14:46,6.92,10.80%,371
448,Google.gr,5:36,8.78,6.50%,"8,604"
449,Istockphoto.com,3:23,3.84,22.00%,"415,785"
450,Shein.com,11:51,8.97,28.20%,"2,394"
451,Schoology.com,19:12,11.6,5.50%,581
452,Tutorialspoint.com,2:55,1.92,62.00%,"3,047"
453,Discordapp.com,3:13,2.03,6.90%,301
454,Shopee.com.my,11:58,7.99,19.50%,321
455,Verizon.com,4:36,4.5,27.40%,"3,954"
456,Ny.gov,4:39,6.88,36.00%,"11,019"
457,Vnexpress.net,9:01,4.75,8.40%,"6,986"
458,Coursehero.com,3:26,3.34,63.80%,784
459,Deviantart.com,4:32,5.16,22.90%,"66,590"
460,Turkiye.gov.tr,4:05,3.99,34.50%,"1,268"
461,Livejournal.com,4:29,2.85,17.80%,"20,629"
462,Irctc.co.in,9:27,4.49,30.30%,"1,333"
463,Tencent.com,4:28,4.79,14.90%,"2,249"
464,Marca.com,4:30,3.13,22.00%,"5,173"
465,Wordreference.com,5:02,3.21,53.20%,"8,610"
466,Mheducation.com,10:14,15.4,7.80%,"2,017"
467,Mehrnews.com,4:52,3.18,34.10%,"17,290"
468,Hbomax.com,3:23,4.79,19.50%,177
469,Lowes.com,4:18,3.61,41.00%,"7,054"
470,Khanacademy.org,5:23,3.1,42.30%,"5,805"
471,Thegatewaypundit.com,7:10,3.18,7.10%,"14,228"
472,Cdc.gov,2:32,1.97,56.60%,"43,624"
473,Issuu.com,2:55,2.72,30.80%,"59,055"
474,Mit.edu,5:46,4.17,35.10%,"65,394"
475,Surveymonkey.com,3:39,2.57,12.90%,"11,324"
476,Coupang.com,9:01,7.45,13.50%,392
477,Doubleclick.net,0:57,1.9,2.40%,"11,533"
478,Uptodown.com,2:09,2.05,73.20%,"2,293"
479,Sourceforge.net,2:42,2.57,28.90%,"97,145"
480,Youku.com,3:04,3.94,4.60%,"18,470"
481,Hotmart.com,7:17,5.05,16.90%,208
482,Chinaz.com,4:20,4.8,5.80%,"9,803"
483,Wsj.com,3:01,1.98,24.30%,"70,713"
484,Npr.org,2:19,1.51,36.00%,"58,950"
485,Kontan.co.id,4:30,2.42,52.20%,"4,587"
486,Go.com,2:54,2.11,31.30%,"74,409"
487,Google.co.ve,5:06,4.21,2.90%,"6,048"
488,Constantcontact.com,5:19,5.85,12.50%,"34,629"
489,Google.com.vn,4:49,5.79,5.80%,"7,894"
490,Eatthis.com,1:57,1.25,47.70%,"6,446"
491,Msi.com,4:05,3.92,55.50%,"36,395"
492,Wowhead.com,5:07,4.65,54.60%,"2,339"
493,W3school.com.cn,3:06,3.93,13.00%,"1,160"
494,Newegg.com,4:08,3.75,26.10%,"5,976"
495,Hurriyet.com.tr,4:35,6.06,46.70%,"12,898"
496,Myworkday.com,6:25,8.42,2.30%,82
497,Genius.com,3:27,2.62,67.60%,"3,892"
498,Shopee.vn,15:19,10.2,16.40%,375
499,Remove.bg,3:30,1.75,44.60%,156
500,Cnbcindonesia.com,3:20,2.17,45.30%,"2,758"